-- Migracion automatica de datos desde SQL Server

INSERT INTO Categorias (Nombre, Descripcion, FechaCreacion, Activo) VALUES
('Bisuteria', 'Bisuteria General', '2026-05-02 11:48:09', TRUE),
('Accesorios', 'Accesorios General', '2026-05-02 11:55:25', TRUE),
('Cuidado Personal', 'Cuidado Personal General', '2026-05-02 11:55:44', TRUE),
('Belleza', 'Belleza General', '2026-05-02 11:56:03', TRUE),
('Detalles', 'Detalles General', '2026-05-02 11:56:14', TRUE),
('Cuidado del bebe', 'Cuidado del bebe', '2026-05-02 11:56:15', TRUE),
('Ropa interior', 'Ropa interior General', '2026-05-02 11:56:31', TRUE),
('Perfumeria', 'Perfumeria General', '2026-05-02 11:56:50', TRUE),
('Dulceria', 'Dulceria General', '2026-05-02 11:57:11', TRUE),
('Ropa Mujer', 'Ropa Mujer General', '2026-05-02 11:57:27', TRUE),
('Hogar', 'Hogar General', '2026-05-02 11:57:46', TRUE),
('Papeleria', 'Papeleria General', '2026-05-02 11:57:58', TRUE);

INSERT INTO Productos (CodigoBarras, Nombre, Descripcion, CategoriaId, PrecioCompra, PrecioVenta, Stock, StockMinimo, FechaCreacion, Activo) VALUES
('75010001', 'Candonga Tipo Oro', 'Candonga Tipo Oro Mujer', 1, 1500.00, 4000.00, 18, 4, '2026-05-02 12:01:14', TRUE),
('75010002', 'Candonga Tipo Plata', 'Candonga Tipo Plata', 1, 1500.00, 4000.00, 10, 5, '2026-05-02 12:22:05', TRUE),
('75010003', 'Pediente Tipo Flor', 'Pediente Tipo Flor', 1, 3650.00, 8000.00, 2, 1, '2026-05-02 12:25:42', TRUE),
('75010004', 'Pendiente Tipo Rosa', 'Pendiente Tipo Rosa', 1, 4600.00, 8000.00, 1, 1, '2026-05-02 12:26:04', TRUE),
('75010005', 'Topitos', 'Topitos', 1, 500.00, 1500.00, 4, 3, '2026-05-02 12:26:04', TRUE),
('75010006', 'Conjunto Collar Cereza', 'Conjunto Collar Cereza', 1, 5250.00, 11000.00, 1, 1, '2026-05-02 12:26:04', TRUE),
('75010007', 'Candonga Grande Tipo Plata', 'Candonga Grande Tipo Plata', 1, 1500.00, 5000.00, 1, 1, '2026-05-02 12:26:04', TRUE),
('75010008', 'Conjunto Collar Tipo Oro', 'Conjunto Collar Tipo Oro', 1, 7000.00, 15000.00, 1, 1, '2026-05-02 12:26:04', TRUE),
('75010009', 'Reloj Tipo Cuero Rosado', 'Reloj Tipo Cuero Rosado', 1, 7000.00, 15000.00, 1, 1, '2026-05-02 12:26:04', TRUE),
('75010010', 'Reloj Tipo Oro', 'Reloj Tipo Oro', 1, 7000.00, 15000.00, 1, 1, '2026-05-02 12:26:04', TRUE),
('75010011', 'Moñas Florales Para Cabello', 'Moñas Florales Para Cabello', 2, 500.00, 2500.00, 5, 2, '2026-05-02 12:26:04', TRUE),
('75010012', 'Cauchos B-N', 'Cauchos B-N', 2, 700.00, 1700.00, 10, 5, '2026-05-02 12:26:04', TRUE),
('75010013', 'Cauchos Negro', 'Cauchos Negro', 2, 700.00, 1700.00, 11, 5, '2026-05-02 12:26:04', TRUE),
('75010014', 'Juego Caiman Mediano Y Moñas', 'Juego Caiman Mediano Y Moñas', 2, 3000.00, 6000.00, 2, 1, '2026-05-02 12:26:04', TRUE),
('75010015', 'Clips Tipo Moño', 'Clips Tipo Moño', 2, 2500.00, 6000.00, 4, 2, '2026-05-02 12:26:04', TRUE),
('75010016', 'Moña Curomi', 'Moña Curomi', 2, 3000.00, 6000.00, 2, 2, '2026-05-02 12:26:04', TRUE),
('75010017', 'Moño Tipo Clip Minnie', 'Moño Tipo Clip Minnie', 2, 3000.00, 6000.00, 2, 2, '2026-05-02 12:26:04', TRUE),
('75010018', 'Moño Clip Tipo Pompon', 'Moño Clip Tipo Pompon', 2, 3000.00, 6000.00, 1, 1, '2026-05-02 12:26:04', TRUE),
('75010019', 'Clips Capibara', 'Clips Capibara', 2, 700.00, 2000.00, 2, 1, '2026-05-02 12:26:04', TRUE),
('75010020', 'Caimanes Tipo Flor Grandes', 'Caimanes Tipo Flor Grandes', 2, 3000.00, 6000.00, 3, 2, '2026-05-02 12:26:04', TRUE),
('75010021', 'Gafa Y Moño Tipo Clip', 'Gafa Y Moño Tipo Clip', 2, 6000.00, 12000.00, 0, 1, '2026-05-02 12:26:04', TRUE),
('75010022', 'Gafa Y Balaca', 'Gafa Y Balaca', 2, 6000.00, 12000.00, 0, 1, '2026-05-02 12:26:04', TRUE),
('75010023', 'Crema Manos Niña', 'Crema Manos Niña', 3, 2000.00, 4000.00, 5, 2, '2026-05-02 12:26:04', TRUE),
('75010024', 'Brillo Fresa Niña', 'Brillo Fresa Niña', 4, 3000.00, 6000.00, 2, 2, '2026-05-02 12:26:04', TRUE),
('75010025', 'Brillo Cojin Llavero', 'Brillo Cojin Llavero', 4, 2800.00, 5600.00, 4, 2, '2026-05-02 12:26:04', TRUE),
('75010026', 'Brillo Cojin', 'Brillo Cojin', 4, 1800.00, 4000.00, 6, 5, '2026-05-02 12:26:04', TRUE),
('75010027', 'Polvo De Hada', 'Polvo De Hada', 4, 4000.00, 8000.00, 3, 5, '2026-05-02 12:26:04', TRUE),
('75010028', 'Posillos Mug', 'Posillos Mug', 5, 3500.00, 7000.00, 5, 5, '2026-05-02 12:26:04', TRUE),
('75010029', 'Media Valeta', 'Media Valeta', 7, 1500.00, 4000.00, 18, 5, '2026-05-02 12:26:04', TRUE),
('75010030', 'Cachetero Niña', 'Cachetero Niña', 7, 2500.00, 6000.00, 3, 5, '2026-05-02 12:26:04', TRUE),
('75010031', 'Cachetero Mujer', 'Cachetero Mujer', 7, 3500.00, 7000.00, 2, 5, '2026-05-02 12:26:04', TRUE),
('75010032', 'Boxer Calvin Hombre', 'Boxer Calvin Hombre', 7, 3500.00, 9000.00, 5, 5, '2026-05-02 12:26:04', TRUE),
('75010033', 'Boxer Calivin Niño', 'Boxer Calivin Niño', 7, 2500.00, 6000.00, 12, 5, '2026-05-02 12:26:04', TRUE),
('75010034', 'Media Canillera Hombre', 'Media Canillera Hombre', 7, 4500.00, 10000.00, 3, 5, '2026-05-02 12:26:04', TRUE),
('75010035', 'Media Tobillera Hombre', 'Media Tobillera Hombre', 7, 1150.00, 10000.00, 7, 5, '2026-05-02 12:26:04', TRUE),
('75010036', 'Media Clasica Hombre', 'Media Clasica Hombre', 7, 1200.00, 5000.00, 9, 5, '2026-05-02 12:26:04', TRUE),
('75010037', 'Media Tobillera Mujer', 'Media Tobillera Mujer', 7, 2550.00, 10000.00, 5, 5, '2026-05-02 12:26:04', TRUE),
('75010038', 'Media Cachimir Blanca Niña', 'Media Cachimir Blanca Niña', 7, 8000.00, 16000.00, 3, 5, '2026-05-02 12:26:04', TRUE),
('75010039', 'Media Cachimir Negra Niña', 'Media Cachimir Negra Niña', 7, 8000.00, 16000.00, 4, 5, '2026-05-02 12:26:04', TRUE),
('75010040', 'Bolsa Detalle', 'Bolsa Detalle', 5, 150.00, 400.00, 94, 5, '2026-05-02 12:26:04', TRUE),
('75010041', 'Cinta Moño', 'Cinta Moño', 5, 300.00, 700.00, 24, 5, '2026-05-02 12:26:04', TRUE),
('75010042', 'Locion Orientica Mujer', 'Locion Orientica Mujer', 8, 60000.00, 120000.00, 1, 1, '2026-05-02 12:26:04', TRUE),
('75010043', 'Locion Invictus Hombre', 'Locion Invictus Hombre', 8, 39000.00, 80000.00, 0, 1, '2026-05-02 12:26:04', TRUE),
('75010044', 'Locion Good Girl Mujer', 'Locion Good Girl Mujer', 8, 39000.00, 80000.00, 1, 1, '2026-05-02 12:26:04', TRUE),
('75010045', 'Locion Lacos´T Blanca Hombre', 'Locion Lacos´T Blanca Hombre', 8, 36000.00, 75000.00, 1, 1, '2026-05-02 12:26:04', TRUE),
('75010046', 'Locion Lacos´T Roja Hombre', 'Locion Lacos´T Roja Hombre', 8, 36000.00, 75000.00, 0, 1, '2026-05-02 12:26:04', TRUE),
('75010047', 'Locion La Vida Es Bella Mujer', 'Locion La Vida Es Bella Mujer', 8, 38000.00, 80000.00, 0, 1, '2026-05-02 12:26:04', TRUE),
('75010048', 'Locion Olympea Mujer', 'Locion Olympea Mujer', 8, 38000.00, 80000.00, 0, 1, '2026-05-02 12:26:04', TRUE),
('75010049', 'Locion 1 Million Hombre', 'Locion 1 Million Hombre', 8, 36000.00, 75000.00, 0, 1, '2026-05-02 12:26:04', TRUE),
('75010050', 'Mani Moto', 'Mani Moto', 9, 1400.00, 1800.00, 0, 5, '2026-05-02 12:26:04', TRUE);
INSERT INTO Productos (CodigoBarras, Nombre, Descripcion, CategoriaId, PrecioCompra, PrecioVenta, Stock, StockMinimo, FechaCreacion, Activo) VALUES
('75010051', 'Choco Break Blanco', 'Choco Break Blanco', 9, 326.00, 500.00, 0, 5, '2026-05-02 12:26:04', TRUE),
('75010052', 'Trululu Aros', 'Trululu Aros', 9, 156.00, 200.00, 0, 5, '2026-05-02 12:26:04', TRUE),
('75010053', 'Choco Break Surtido', 'Choco Break Surtido', 9, 280.00, 400.00, 0, 5, '2026-05-02 12:26:04', TRUE),
('75010054', 'Galleta Wafers Noel', 'Galleta Wafers Noel', 9, 500.00, 1000.00, 0, 5, '2026-05-02 12:26:04', TRUE),
('75010055', 'Bon Bon Bum', 'Bon Bon Bum', 9, 367.00, 500.00, 0, 5, '2026-05-02 12:26:04', TRUE),
('75010056', 'Gafas De Sol Tipo Corazon', 'Gafas De Sol Tipo Corazon', 2, 0.00, 6000.00, 5, 2, '2026-05-02 12:26:04', TRUE),
('75010057', 'Blusa Tejida A Crochet', 'Blusa Tejida A Crochet', 10, 0.00, 90000.00, 1, 5, '2026-05-02 12:26:04', TRUE),
('75010058', 'Desodorante Mujer', 'Desodorante Mujer', 3, 0.00, 5000.00, 1, 5, '2026-05-02 12:26:04', TRUE),
('75010059', 'Florero En Cemento', 'Florero En Cemento', 11, 0.00, 15000.00, 7, 5, '2026-05-02 12:26:04', TRUE),
('75010060', 'Matera Pequeña', 'Matera Pequeña', 11, 0.00, 8000.00, 7, 5, '2026-05-02 12:26:04', TRUE),
('75010061', 'Matera Pequeña Tipo Flor', 'Matera Pequeña Tipo Flor', 11, 0.00, 9000.00, 7, 5, '2026-05-02 12:26:04', TRUE),
('75010062', 'Matera Suculenta Tipo Concha', 'Matera Suculenta Tipo Concha', 11, 0.00, 25000.00, 2, 5, '2026-05-02 12:26:04', TRUE),
('75010063', 'Matera Suculenta Tipo Elefante', 'Matera Suculenta Tipo Elefante', 11, 0.00, 25000.00, 2, 5, '2026-05-02 12:26:04', TRUE),
('75010064', 'Calavera En Cemento', 'Calavera En Cemento', 11, 0.00, 30000.00, 1, 5, '2026-05-02 12:26:04', TRUE),
('75010065', 'Escarcha Tuvo Surtida', 'Escarcha Tuvo Surtida', 12, 300.00, 600.00, 12, 5, '2026-05-02 12:26:04', TRUE),
('75010066', 'Chelin-Limpia Pipas ', 'Chelin-Limpia Pipas ', 12, 50.00, 150.00, 89, 5, '2026-05-02 12:26:04', TRUE),
('75010067', 'Taja Lapiz Deposito  Dos Servicios', 'Taja Lapiz Deposito  Dos Servicios', 12, 1500.00, 3000.00, 6, 5, '2026-05-02 12:26:04', TRUE),
('75010068', 'Peinilla Mojarra Grande', 'Peinilla Mojarra Grande', 12, 625.00, 1700.00, 12, 5, '2026-05-02 12:26:04', TRUE),
('75010069', 'Lapiz Negro Hb No 2 Offi-Esco', 'Lapiz Negro Hb No 2 Offi-Esco', 12, 400.00, 1000.00, 11, 5, '2026-05-02 12:26:04', TRUE),
('75010070', 'Esfero Negro Semi Gel Offi-Esco', 'Esfero Negro Semi Gel Offi-Esco', 12, 550.00, 1500.00, 12, 5, '2026-05-02 12:26:04', TRUE),
('75010071', 'Esfero Rojo Semi Gel Offi-Esco', 'Esfero Rojo Semi Gel Offi-Esco', 12, 550.00, 1500.00, 12, 5, '2026-05-02 12:26:04', TRUE),
('75010072', 'Borrador Miga De Pan Mediano', 'Borrador Miga De Pan Mediano', 12, 600.00, 1200.00, 30, 5, '2026-05-02 12:26:04', TRUE),
('75010073', 'Resaltador Neon Offi-Esco', 'Resaltador Neon Offi-Esco', 12, 1500.00, 3000.00, 12, 5, '2026-05-02 12:26:04', TRUE),
('75010074', 'Pegante En Barra Pequeño Offi-Esco', 'Pegante En Barra Pequeño Offi-Esco', 12, 1200.00, 2500.00, 12, 5, '2026-05-02 12:26:04', TRUE),
('75010075', 'Tempera Payasito X 6', 'Tempera Payasito X 6', 12, 2800.00, 5600.00, 3, 2, '2026-05-02 12:26:04', TRUE),
('75010076', 'Plastilina En Barra 55G', 'Plastilina En Barra 55G', 12, 667.00, 1350.00, 10, 5, '2026-05-02 12:26:04', TRUE),
('75010077', 'Block Iris 35 Hojas Carta', 'Block Iris 35 Hojas Carta', 12, 3000.00, 5800.00, 2, 5, '2026-05-02 12:26:04', TRUE),
('75010078', 'Hoja Iris ', 'Hoja Iris ', 12, 86.00, 200.00, 35, 5, '2026-05-02 12:26:04', TRUE),
('75010079', 'Block Blanco Carta', 'Block Blanco Carta', 12, 3000.00, 5800.00, 1, 5, '2026-05-02 12:26:04', TRUE),
('75010080', 'Block Cuadriculado Carta', 'Block Cuadriculado Carta', 12, 3000.00, 5800.00, 2, 5, '2026-05-02 12:26:04', TRUE),
('75010081', 'Lima Masglo', 'Lima Masglo', 4, 1143.00, 2300.00, 10, 5, '2026-05-02 12:26:04', TRUE),
('75010082', 'Rubor Compacto Masglo True Blush 3 G', 'Rubor Compacto Masglo True Blush 3 G', 4, 11700.00, 22000.00, 2, 5, '2026-05-02 12:26:04', TRUE),
('75010083', 'Mascara De Pestañas Connection Masglo', 'Mascara De Pestañas Connection Masglo', 4, 14625.00, 28000.00, 0, 5, '2026-05-02 12:26:04', TRUE),
('75010084', 'Esmalte Masglo', 'Esmalte Masglo', 4, 6312.00, 10000.00, 11, 5, '2026-05-02 12:26:04', TRUE),
('75010085', 'Matificador  Uñas Masglo', 'Matificador  Uñas Masglo', 4, 6312.00, 10000.00, 2, 2, '2026-05-02 12:26:04', TRUE),
('75010086', 'Base Uñas Masglo', 'Base Uñas Masglo', 4, 6312.00, 10000.00, 3, 2, '2026-05-02 12:26:04', TRUE),
('75010087', 'Brillo Gel Top Masglo', 'Brillo Gel Top Masglo', 4, 7120.00, 12000.00, 1, 1, '2026-05-02 12:26:04', TRUE),
('75010088', 'Brillo Secante Masglo', 'Brillo Secante Masglo', 4, 6735.00, 11000.00, 1, 1, '2026-05-02 12:26:04', TRUE),
('75010089', 'Esmalte Decoracion Masglo', 'Esmalte Decoracion Masglo', 4, 4772.00, 8000.00, 2, 2, '2026-05-02 12:26:04', TRUE),
('75010090', 'Brillo Reparador De Labios Nailen', 'Brillo Reparador De Labios Nailen', 4, 9454.00, 13000.00, 2, 2, '2026-05-02 12:26:04', TRUE),
('75010091', 'Polvo Compacto Nailen', 'Polvo Compacto Nailen', 4, 6723.00, 11000.00, 8, 5, '2026-05-02 12:26:04', TRUE),
('75010092', 'Pestañina Waterproof Nailen', 'Pestañina Waterproof Nailen', 4, 8824.00, 15000.00, 2, 2, '2026-05-02 12:26:04', TRUE),
('75010093', 'Paleta De Sombras Nailen', 'Paleta De Sombras Nailen', 4, 10504.00, 15000.00, 2, 2, '2026-05-02 12:26:04', TRUE),
('75010094', 'Lapiz Delineador Ojos Nailen', 'Lapiz Delineador Ojos Nailen', 4, 5966.00, 9500.00, 2, 2, '2026-05-02 12:26:04', TRUE),
('75010095', 'Delineador Liquido Plumon Ojos Nailen', 'Delineador Liquido Plumon Ojos Nailen', 4, 8235.00, 15000.00, 1, 1, '2026-05-02 12:26:04', TRUE),
('75010096', 'Delineador Liquido Para Ojos Nailen', 'Delineador Liquido Para Ojos Nailen', 4, 8739.00, 15000.00, 1, 1, '2026-05-02 12:26:04', TRUE),
('75010097', 'Esmalte Nailen', 'Esmalte Nailen', 4, 3067.00, 4500.00, 8, 5, '2026-05-02 12:26:04', TRUE),
('75010098', 'Brillo  Long Last Nailen', 'Brillo  Long Last Nailen', 4, 3067.00, 4500.00, 2, 2, '2026-05-02 12:26:04', TRUE),
('75010099', 'Base 5 En 1 Nailen', 'Base 5 En 1 Nailen', 4, 3067.00, 4500.00, 2, 2, '2026-05-02 12:26:04', TRUE),
('75010100', 'Removedor De Esmalte Con Vitamina E Nailen', 'Removedor De Esmalte Con Vitamina E Nailen', 4, 3866.00, 7000.00, 1, 1, '2026-05-02 12:26:04', TRUE);
INSERT INTO Productos (CodigoBarras, Nombre, Descripcion, CategoriaId, PrecioCompra, PrecioVenta, Stock, StockMinimo, FechaCreacion, Activo) VALUES
('75010101', 'Cosmetiquera', 'Cosmetiquera Mediana', 2, 4000.00, 12000.00, 2, 1, '2026-05-16 19:54:19', TRUE);

INSERT INTO ProductoCodigosBarras (ProductoId, CodigoBarras) VALUES
(69, '7709990345551'),
(23, '6971764950877'),
(24, '6982342107668'),
(25, '6972510601432'),
(29, '6800330588889'),
(35, '7453094211006'),
(37, '7453120931458'),
(44, '8411061058459'),
(45, '7370524158956'),
(48, '3349668528677'),
(49, '3349666007921'),
(67, '7709068308273'),
(70, '7709990345568'),
(71, '7709817406342'),
(72, '6943572700050'),
(73, '7709990509212'),
(73, '7709990413434'),
(74, '7707369081628'),
(75, '7707321283206'),
(77, '7709459024973'),
(81, '7707194531336'),
(82, '7707109936294'),
(82, '7707109994256'),
(84, '7707194530544'),
(84, '7707363363997'),
(84, '7707194530773'),
(84, '7707773834285'),
(84, '7707194539615'),
(84, '7707109932104'),
(84, '7707194532067'),
(84, '7707194531770'),
(84, '7707194530209'),
(84, '7707194530018'),
(88, '7707194534153'),
(87, '7707773834643'),
(85, '7707363363133'),
(86, '7707773834704'),
(86, '7707773834728'),
(86, '7707773834711'),
(89, '7707194530018'),
(89, '7707773834308'),
(90, '7702186004942'),
(90, '7702186004959'),
(91, '7702186021796'),
(91, '7702186021758'),
(91, '7702186021734'),
(91, '7702186021697'),
(91, '7702186021741'),
(91, '7702186021765'),
(92, '7702186023349');
INSERT INTO ProductoCodigosBarras (ProductoId, CodigoBarras) VALUES
(93, '7702186025220'),
(93, '7702186025213'),
(94, '7702186023011'),
(94, '7702186023035'),
(95, '7702186023172'),
(96, '7702186023189'),
(97, '7702186027453'),
(97, '7702186026524'),
(97, '7702186027576'),
(97, '7702186027422'),
(97, '7702186026517'),
(97, '7702186026555'),
(97, '7702186026685'),
(97, '7702186026470'),
(98, '7702186026456'),
(99, '7702186026449'),
(100, '7702186026326');

-- Tabla Clientes: sin datos

INSERT INTO Configuracion (Clave, Valor, Descripcion) VALUES
('NIT', '123456789-0', 'Numero de Identificacion Tributaria'),
('DIRECCION', 'Calle 26 Sur # 93-51, Bogota D.C.', 'Direccion de la empresa'),
('TELEFONO', '3204068151 - 3143672673', 'Telefono de contacto'),
('NOMBRE_EMPRESA', 'Pañalera y Variedades San Miguel', 'Nombre de la empresa'),
('ADMIN_USER', 'Admin', 'Usuario administrador para conteos fisicos'),
('ADMIN_PASS', 'admin123', 'Contraseña de administrador'),
('MARGEN_FIJOS', '25', 'Porcentaje para costos fijos (salarios, arriendo, servicios)'),
('MARGEN_VARIABLES', '5', 'Porcentaje para costos variables (bolsas, cajas, bisuteria)'),
('MARGEN_UTILIDAD', '30', 'Porcentaje de utilidad o ganancia deseada');

INSERT INTO Usuarios (Nombres, Apellidos, Documento, TipoDocumento, Contraseña, Rol, Activo, FechaCreacion) VALUES
('Julian Andres', 'Jimenez', '1053803950', 'CC', '', 'Administrador', TRUE, '2026-05-01 16:32:25'),
('Estefany', 'Cañas', '1031151385', 'CC', '', 'Cajero', TRUE, '2026-05-01 16:34:54'),
('Esther', 'Vergara', '34995192', 'CC', '', 'Cajero', TRUE, '2026-05-01 16:46:44');

INSERT INTO Cajas (NumeroCaja, Usuario, MontoInicial, FechaApertura, FechaCierre, MontoCierreEsperado, MontoCierreReal, ObservacionesApertura, ObservacionesCierre, Estado) VALUES
(1, 'Estefany', 0.00, '2026-05-13 08:38:41', '2026-05-14 18:50:04', 28700.00, 28700.00, '', '', 'Cerrada'),
(1, 'Julian Andres', 0.00, '2026-05-18 16:10:32', '2026-05-18 16:36:17', 80000.00, 80000.00, '', '', 'Cerrada'),
(1, 'Estefany', 0.00, '2026-05-21 16:12:26', '2026-05-24 18:24:23', 6000.00, 6000.00, '', '', 'Cerrada'),
(1, 'Julian Andres', 0.00, '2026-05-16 17:58:47', '2026-05-16 20:01:42', 67600.00, 67600.00, '', '', 'Cerrada');

INSERT INTO MovimientosCaja (CajaId, Tipo, Concepto, Monto, Fecha, Usuario) VALUES
(1, 'Entrada', 'Venta VTA-202605-000001', 700.00, '2026-05-13 08:41:55', 'Estefany'),
(1, 'Entrada', 'Venta VTA-202605-000002', 28000.00, '2026-05-13 16:32:38', 'Estefany'),
(2002, 'Entrada', 'Venta VTA-202605-000003', 16000.00, '2026-05-16 18:44:21', 'Julian Andres'),
(2002, 'Entrada', 'Venta VTA-202605-000004', 5600.00, '2026-05-16 18:45:47', 'Julian Andres'),
(2002, 'Entrada', 'Venta VTA-202605-000005', 46000.00, '2026-05-16 19:03:29', 'Julian Andres'),
(3, 'Entrada', 'Venta VTA-202605-000006', 80000.00, '2026-05-18 16:11:34', 'Julian Andres'),
(4, 'Entrada', 'Venta VTA-202605-000007', 6000.00, '2026-05-21 16:14:33', 'Estefany');

INSERT INTO Ventas (NumeroVenta, CajaId, ClienteId, FechaVenta, SubTotal, Impuesto, Total, MetodoPago, MontoPagado, Cambio, Usuario, Anulada, MotivoAnulacion) VALUES
('VTA-202605-000001', 1, NULL, '2026-05-13 08:41:55', 700.00, 0.00, 700.00, 'Efectivo', 1000.00, 300.00, 'Estefany', FALSE, NULL),
('VTA-202605-000002', 1, NULL, '2026-05-13 16:32:38', 28000.00, 0.00, 28000.00, 'Efectivo', 50000.00, 22000.00, 'Estefany', FALSE, NULL),
('VTA-202605-000003', 2002, NULL, '2026-05-16 18:44:21', 16000.00, 0.00, 16000.00, 'Transferencia', 16000.00, 0.00, 'Julian Andres', FALSE, NULL),
('VTA-202605-000004', 2002, NULL, '2026-05-16 18:45:47', 5600.00, 0.00, 5600.00, 'Transferencia', 5600.00, 0.00, 'Julian Andres', FALSE, NULL),
('VTA-202605-000005', 2002, NULL, '2026-05-16 19:03:29', 46000.00, 0.00, 46000.00, 'Transferencia', 46000.00, 0.00, 'Julian Andres', FALSE, NULL),
('VTA-202605-000006', 3, NULL, '2026-05-18 16:11:34', 80000.00, 0.00, 80000.00, 'Efectivo', 80000.00, 0.00, 'Julian Andres', FALSE, NULL),
('VTA-202605-000007', 4, NULL, '2026-05-21 16:14:33', 6000.00, 0.00, 6000.00, 'Efectivo', 6000.00, 0.00, 'Estefany', FALSE, NULL);

INSERT INTO DetalleVentas (VentaId, ProductoId, Cantidad, PrecioUnitario, CostoUnitario, SubTotal, Impuesto, Total) VALUES
(1, 69, 1, 700.00, 400.00, 700.00, 0.00, 700.00),
(2, 83, 1, 28000.00, 14625.00, 28000.00, 0.00, 28000.00),
(3, 38, 1, 16000.00, 8000.00, 16000.00, 0.00, 16000.00),
(4, 75, 1, 5600.00, 2800.00, 5600.00, 0.00, 5600.00),
(5, 7, 1, 5000.00, 1500.00, 5000.00, 0.00, 5000.00),
(5, 90, 1, 13000.00, 9454.00, 13000.00, 0.00, 13000.00),
(5, 83, 1, 28000.00, 14625.00, 28000.00, 0.00, 28000.00),
(1003, 47, 1, 80000.00, 38000.00, 80000.00, 0.00, 80000.00),
(1004, 20, 1, 6000.00, 3000.00, 6000.00, 0.00, 6000.00);

-- Tabla InventarioMovimientos: sin datos

INSERT INTO Stock (ProductoId, Año, Mes, CantidadInicial, CantidadEntrante, CantidadSaliente, CantidadFinal, FechaRegistro) VALUES
(1, 2026, 5, 18, 0, 0, 18, '2026-05-06 21:27:11'),
(2, 2026, 5, 10, 0, 0, 10, '2026-05-06 21:27:11'),
(3, 2026, 5, 2, 0, 0, 2, '2026-05-06 21:27:11'),
(4, 2026, 5, 1, 0, 0, 1, '2026-05-06 21:27:11'),
(5, 2026, 5, 4, 0, 0, 4, '2026-05-06 21:27:11'),
(6, 2026, 5, 1, 0, 0, 1, '2026-05-06 21:27:11'),
(7, 2026, 5, 2, 0, 1, 1, '2026-05-06 21:27:11'),
(8, 2026, 5, 1, 0, 0, 1, '2026-05-06 21:27:11'),
(9, 2026, 5, 1, 0, 0, 1, '2026-05-06 21:27:11'),
(10, 2026, 5, 1, 0, 0, 1, '2026-05-06 21:27:11'),
(11, 2026, 5, 5, 0, 0, 5, '2026-05-06 21:27:11'),
(12, 2026, 5, 10, 0, 0, 10, '2026-05-06 21:27:11'),
(13, 2026, 5, 11, 0, 0, 11, '2026-05-06 21:27:11'),
(14, 2026, 5, 2, 0, 0, 2, '2026-05-06 21:27:11'),
(15, 2026, 5, 4, 0, 0, 4, '2026-05-06 21:27:11'),
(16, 2026, 5, 2, 0, 0, 2, '2026-05-06 21:27:11'),
(17, 2026, 5, 2, 0, 0, 2, '2026-05-06 21:27:11'),
(18, 2026, 5, 1, 0, 0, 1, '2026-05-06 21:27:11'),
(19, 2026, 5, 2, 0, 0, 2, '2026-05-06 21:27:11'),
(20, 2026, 5, 4, 0, 1, 3, '2026-05-06 21:27:11'),
(21, 2026, 5, 0, 0, 0, 0, '2026-05-06 21:27:11'),
(22, 2026, 5, 0, 0, 0, 0, '2026-05-06 21:27:11'),
(23, 2026, 5, 5, 0, 0, 5, '2026-05-06 21:27:11'),
(24, 2026, 5, 2, 0, 0, 2, '2026-05-06 21:27:11'),
(25, 2026, 5, 4, 0, 0, 4, '2026-05-06 21:27:11'),
(26, 2026, 5, 6, 0, 0, 6, '2026-05-06 21:27:11'),
(27, 2026, 5, 3, 0, 0, 3, '2026-05-06 21:27:11'),
(28, 2026, 5, 5, 0, 0, 5, '2026-05-06 21:27:11'),
(29, 2026, 5, 18, 0, 0, 18, '2026-05-06 21:27:11'),
(30, 2026, 5, 3, 0, 0, 3, '2026-05-06 21:27:11'),
(31, 2026, 5, 2, 0, 0, 2, '2026-05-06 21:27:11'),
(32, 2026, 5, 5, 0, 0, 5, '2026-05-06 21:27:11'),
(33, 2026, 5, 12, 0, 0, 12, '2026-05-06 21:27:11'),
(34, 2026, 5, 3, 0, 0, 3, '2026-05-06 21:27:11'),
(35, 2026, 5, 7, 0, 0, 7, '2026-05-06 21:27:11'),
(36, 2026, 5, 9, 0, 0, 9, '2026-05-06 21:27:11'),
(37, 2026, 5, 5, 0, 0, 5, '2026-05-06 21:27:11'),
(38, 2026, 5, 4, 0, 1, 3, '2026-05-06 21:27:11'),
(39, 2026, 5, 4, 0, 0, 4, '2026-05-06 21:27:11'),
(40, 2026, 5, 94, 0, 0, 94, '2026-05-06 21:27:11'),
(41, 2026, 5, 24, 0, 0, 24, '2026-05-06 21:27:11'),
(42, 2026, 5, 1, 0, 0, 1, '2026-05-06 21:27:11'),
(43, 2026, 5, 0, 0, 0, 0, '2026-05-06 21:27:11'),
(44, 2026, 5, 1, 0, 0, 1, '2026-05-06 21:27:11'),
(45, 2026, 5, 1, 0, 0, 1, '2026-05-06 21:27:11'),
(46, 2026, 5, 0, 0, 0, 0, '2026-05-06 21:27:11'),
(47, 2026, 5, 1, 0, 1, 0, '2026-05-06 21:27:11'),
(48, 2026, 5, 0, 0, 0, 0, '2026-05-06 21:27:11'),
(49, 2026, 5, 0, 0, 0, 0, '2026-05-06 21:27:11'),
(50, 2026, 5, 0, 0, 0, 0, '2026-05-06 21:27:11');
INSERT INTO Stock (ProductoId, Año, Mes, CantidadInicial, CantidadEntrante, CantidadSaliente, CantidadFinal, FechaRegistro) VALUES
(51, 2026, 5, 0, 0, 0, 0, '2026-05-06 21:27:11'),
(52, 2026, 5, 0, 0, 0, 0, '2026-05-06 21:27:11'),
(53, 2026, 5, 0, 0, 0, 0, '2026-05-06 21:27:11'),
(54, 2026, 5, 0, 0, 0, 0, '2026-05-06 21:27:11'),
(55, 2026, 5, 0, 0, 0, 0, '2026-05-06 21:27:11'),
(56, 2026, 5, 5, 0, 0, 5, '2026-05-06 21:27:11'),
(57, 2026, 5, 1, 0, 0, 1, '2026-05-06 21:27:11'),
(58, 2026, 5, 1, 0, 0, 1, '2026-05-06 21:27:11'),
(59, 2026, 5, 7, 0, 0, 7, '2026-05-06 21:27:11'),
(60, 2026, 5, 7, 0, 0, 7, '2026-05-06 21:27:11'),
(61, 2026, 5, 7, 0, 0, 7, '2026-05-06 21:27:11'),
(62, 2026, 5, 2, 0, 0, 2, '2026-05-06 21:27:11'),
(63, 2026, 5, 2, 0, 0, 2, '2026-05-06 21:27:11'),
(64, 2026, 5, 1, 0, 0, 1, '2026-05-06 21:27:11'),
(65, 2026, 5, 12, 0, 0, 12, '2026-05-06 21:27:11'),
(66, 2026, 5, 89, 0, 0, 89, '2026-05-06 21:27:11'),
(67, 2026, 5, 6, 0, 0, 6, '2026-05-06 21:27:11'),
(68, 2026, 5, 12, 0, 0, 12, '2026-05-06 21:27:11'),
(69, 2026, 5, 12, 0, 1, 11, '2026-05-06 21:27:11'),
(70, 2026, 5, 12, 0, 0, 12, '2026-05-06 21:27:11'),
(71, 2026, 5, 12, 0, 0, 12, '2026-05-06 21:27:11'),
(72, 2026, 5, 30, 0, 0, 30, '2026-05-06 21:27:11'),
(73, 2026, 5, 12, 0, 0, 12, '2026-05-06 21:27:11'),
(74, 2026, 5, 12, 0, 0, 12, '2026-05-06 21:27:11'),
(75, 2026, 5, 4, 0, 1, 3, '2026-05-06 21:27:11'),
(76, 2026, 5, 10, 0, 0, 10, '2026-05-06 21:27:11'),
(77, 2026, 5, 2, 0, 0, 2, '2026-05-06 21:27:11'),
(78, 2026, 5, 35, 0, 0, 35, '2026-05-06 21:27:11'),
(79, 2026, 5, 1, 0, 0, 1, '2026-05-06 21:27:11'),
(80, 2026, 5, 2, 0, 0, 2, '2026-05-06 21:27:11'),
(81, 2026, 5, 10, 0, 0, 10, '2026-05-06 21:27:11'),
(82, 2026, 5, 2, 0, 0, 2, '2026-05-06 21:27:11'),
(83, 2026, 5, 2, 0, 2, 0, '2026-05-06 21:27:11'),
(84, 2026, 5, 11, 0, 0, 11, '2026-05-06 21:27:11'),
(85, 2026, 5, 2, 0, 0, 2, '2026-05-06 21:27:11'),
(86, 2026, 5, 3, 0, 0, 3, '2026-05-06 21:27:11'),
(87, 2026, 5, 1, 0, 0, 1, '2026-05-06 21:27:11'),
(88, 2026, 5, 1, 0, 0, 1, '2026-05-06 21:27:11'),
(89, 2026, 5, 2, 0, 0, 2, '2026-05-06 21:27:11'),
(90, 2026, 5, 3, 0, 1, 2, '2026-05-06 21:27:11'),
(91, 2026, 5, 8, 0, 0, 8, '2026-05-06 21:27:11'),
(92, 2026, 5, 2, 0, 0, 2, '2026-05-06 21:27:11'),
(93, 2026, 5, 2, 0, 0, 2, '2026-05-06 21:27:11'),
(94, 2026, 5, 2, 0, 0, 2, '2026-05-06 21:27:11'),
(95, 2026, 5, 1, 0, 0, 1, '2026-05-06 21:27:11'),
(96, 2026, 5, 1, 0, 0, 1, '2026-05-06 21:27:11'),
(97, 2026, 5, 8, 0, 0, 8, '2026-05-06 21:27:11'),
(98, 2026, 5, 2, 0, 0, 2, '2026-05-06 21:27:11'),
(99, 2026, 5, 2, 0, 0, 2, '2026-05-06 21:27:11'),
(100, 2026, 5, 1, 0, 0, 1, '2026-05-06 21:27:11');
INSERT INTO Stock (ProductoId, Año, Mes, CantidadInicial, CantidadEntrante, CantidadSaliente, CantidadFinal, FechaRegistro) VALUES
(101, 2026, 5, 2, 0, 0, 2, '2026-05-16 19:54:19');

INSERT INTO ConteosFisicos (Fecha, Usuario, Observaciones, Estado, ValorFaltante, ValorSobrante, TipoConteo, ConteoOriginalId) VALUES
('2026-05-18 15:38:05', 'Admin', '', 'Finalizado', 0.00, 0.00, NULL, NULL);

INSERT INTO DetalleConteoFisico (ConteoId, ProductoId, StockSistema, StockFisico, FechaRegistro, ValorFaltante, ValorSobrante) VALUES
(1, 1, 18, 18, '2026-05-18 16:33:32', 0.00, 0.00),
(1, 2, 10, 10, '2026-05-18 16:33:32', 0.00, 0.00),
(1, 3, 2, 2, '2026-05-18 16:33:32', 0.00, 0.00),
(1, 4, 1, 1, '2026-05-18 16:33:32', 0.00, 0.00),
(1, 5, 4, 4, '2026-05-18 16:33:32', 0.00, 0.00),
(1, 6, 1, 1, '2026-05-18 16:33:32', 0.00, 0.00),
(1, 7, 1, 1, '2026-05-18 16:33:32', 0.00, 0.00),
(1, 8, 1, 1, '2026-05-18 16:33:32', 0.00, 0.00),
(1, 9, 1, 1, '2026-05-18 16:33:32', 0.00, 0.00),
(1, 10, 1, 1, '2026-05-18 16:33:32', 0.00, 0.00),
(1, 11, 5, 5, '2026-05-18 16:33:32', 0.00, 0.00),
(1, 12, 10, 10, '2026-05-18 16:33:32', 0.00, 0.00),
(1, 13, 11, 11, '2026-05-18 16:33:32', 0.00, 0.00),
(1, 14, 2, 2, '2026-05-18 16:33:32', 0.00, 0.00),
(1, 15, 4, 4, '2026-05-18 16:33:32', 0.00, 0.00),
(1, 16, 2, 2, '2026-05-18 16:33:32', 0.00, 0.00),
(1, 17, 2, 2, '2026-05-18 16:33:32', 0.00, 0.00),
(1, 18, 1, 1, '2026-05-18 16:33:32', 0.00, 0.00),
(1, 19, 2, 2, '2026-05-18 16:33:32', 0.00, 0.00),
(1, 20, 4, 4, '2026-05-18 16:33:32', 0.00, 0.00),
(1, 21, 0, 0, '2026-05-18 16:33:32', 0.00, 0.00),
(1, 22, 0, 0, '2026-05-18 16:33:32', 0.00, 0.00),
(1, 23, 5, 5, '2026-05-18 16:33:32', 0.00, 0.00),
(1, 24, 2, 2, '2026-05-18 16:33:32', 0.00, 0.00),
(1, 25, 4, 4, '2026-05-18 16:33:32', 0.00, 0.00),
(1, 26, 6, 6, '2026-05-18 16:33:32', 0.00, 0.00),
(1, 27, 3, 3, '2026-05-18 16:33:32', 0.00, 0.00),
(1, 28, 5, 5, '2026-05-18 16:33:32', 0.00, 0.00),
(1, 29, 18, 18, '2026-05-18 16:33:32', 0.00, 0.00),
(1, 30, 3, 3, '2026-05-18 16:33:32', 0.00, 0.00),
(1, 31, 2, 2, '2026-05-18 16:33:32', 0.00, 0.00),
(1, 32, 5, 5, '2026-05-18 16:33:32', 0.00, 0.00),
(1, 33, 12, 12, '2026-05-18 16:33:32', 0.00, 0.00),
(1, 34, 3, 3, '2026-05-18 16:33:32', 0.00, 0.00),
(1, 35, 7, 7, '2026-05-18 16:33:32', 0.00, 0.00),
(1, 36, 9, 9, '2026-05-18 16:33:32', 0.00, 0.00),
(1, 37, 5, 5, '2026-05-18 16:33:32', 0.00, 0.00),
(1, 38, 3, 3, '2026-05-18 16:33:32', 0.00, 0.00),
(1, 39, 4, 4, '2026-05-18 16:33:32', 0.00, 0.00),
(1, 40, 94, 94, '2026-05-18 16:33:32', 0.00, 0.00),
(1, 41, 24, 24, '2026-05-18 16:33:32', 0.00, 0.00),
(1, 42, 1, 1, '2026-05-18 16:33:32', 0.00, 0.00),
(1, 43, 0, 0, '2026-05-18 16:33:32', 0.00, 0.00),
(1, 44, 1, 1, '2026-05-18 16:33:32', 0.00, 0.00),
(1, 45, 1, 1, '2026-05-18 16:33:32', 0.00, 0.00),
(1, 46, 0, 0, '2026-05-18 16:33:32', 0.00, 0.00),
(1, 47, 0, 0, '2026-05-18 16:33:32', 0.00, 0.00),
(1, 48, 0, 0, '2026-05-18 16:33:32', 0.00, 0.00),
(1, 49, 0, 0, '2026-05-18 16:33:32', 0.00, 0.00),
(1, 50, 0, 0, '2026-05-18 16:33:32', 0.00, 0.00);
INSERT INTO DetalleConteoFisico (ConteoId, ProductoId, StockSistema, StockFisico, FechaRegistro, ValorFaltante, ValorSobrante) VALUES
(1, 51, 0, 0, '2026-05-18 16:33:32', 0.00, 0.00),
(1, 52, 0, 0, '2026-05-18 16:33:32', 0.00, 0.00),
(1, 53, 0, 0, '2026-05-18 16:33:32', 0.00, 0.00),
(1, 54, 0, 0, '2026-05-18 16:33:32', 0.00, 0.00),
(1, 55, 0, 0, '2026-05-18 16:33:32', 0.00, 0.00),
(1, 56, 5, 5, '2026-05-18 16:33:32', 0.00, 0.00),
(1, 57, 1, 1, '2026-05-18 16:33:32', 0.00, 0.00),
(1, 58, 1, 1, '2026-05-18 16:33:32', 0.00, 0.00),
(1, 59, 7, 7, '2026-05-18 16:33:32', 0.00, 0.00),
(1, 60, 7, 7, '2026-05-18 16:33:32', 0.00, 0.00),
(1, 61, 7, 7, '2026-05-18 16:33:32', 0.00, 0.00),
(1, 62, 2, 2, '2026-05-18 16:33:32', 0.00, 0.00),
(1, 63, 2, 2, '2026-05-18 16:33:32', 0.00, 0.00),
(1, 64, 1, 1, '2026-05-18 16:33:32', 0.00, 0.00),
(1, 65, 12, 12, '2026-05-18 16:33:32', 0.00, 0.00),
(1, 66, 89, 89, '2026-05-18 16:33:32', 0.00, 0.00),
(1, 67, 6, 6, '2026-05-18 16:33:32', 0.00, 0.00),
(1, 68, 12, 12, '2026-05-18 16:33:32', 0.00, 0.00),
(1, 69, 11, 11, '2026-05-18 16:33:32', 0.00, 0.00),
(1, 70, 12, 12, '2026-05-18 16:33:32', 0.00, 0.00),
(1, 71, 12, 12, '2026-05-18 16:33:32', 0.00, 0.00),
(1, 72, 30, 30, '2026-05-18 16:33:32', 0.00, 0.00),
(1, 73, 12, 12, '2026-05-18 16:33:32', 0.00, 0.00),
(1, 74, 12, 12, '2026-05-18 16:33:32', 0.00, 0.00),
(1, 75, 3, 3, '2026-05-18 16:33:32', 0.00, 0.00),
(1, 76, 10, 10, '2026-05-18 16:33:32', 0.00, 0.00),
(1, 77, 2, 2, '2026-05-18 16:33:32', 0.00, 0.00),
(1, 78, 35, 35, '2026-05-18 16:33:32', 0.00, 0.00),
(1, 79, 1, 1, '2026-05-18 16:33:32', 0.00, 0.00),
(1, 80, 2, 2, '2026-05-18 16:33:32', 0.00, 0.00),
(1, 81, 10, 10, '2026-05-18 16:33:32', 0.00, 0.00),
(1, 82, 2, 2, '2026-05-18 16:33:32', 0.00, 0.00),
(1, 83, 0, 0, '2026-05-18 16:33:32', 0.00, 0.00),
(1, 84, 11, 11, '2026-05-18 16:33:32', 0.00, 0.00),
(1, 85, 2, 2, '2026-05-18 16:33:32', 0.00, 0.00),
(1, 86, 3, 3, '2026-05-18 16:33:32', 0.00, 0.00),
(1, 87, 1, 1, '2026-05-18 16:33:32', 0.00, 0.00),
(1, 88, 1, 1, '2026-05-18 16:33:32', 0.00, 0.00),
(1, 89, 2, 2, '2026-05-18 16:33:32', 0.00, 0.00),
(1, 90, 2, 2, '2026-05-18 16:33:32', 0.00, 0.00),
(1, 91, 8, 8, '2026-05-18 16:33:32', 0.00, 0.00),
(1, 92, 2, 2, '2026-05-18 16:33:32', 0.00, 0.00),
(1, 93, 2, 2, '2026-05-18 16:33:32', 0.00, 0.00),
(1, 94, 2, 2, '2026-05-18 16:33:32', 0.00, 0.00),
(1, 95, 1, 1, '2026-05-18 16:33:32', 0.00, 0.00),
(1, 96, 1, 1, '2026-05-18 16:33:32', 0.00, 0.00),
(1, 97, 8, 8, '2026-05-18 16:33:32', 0.00, 0.00),
(1, 98, 2, 2, '2026-05-18 16:33:32', 0.00, 0.00),
(1, 99, 2, 2, '2026-05-18 16:33:32', 0.00, 0.00),
(1, 100, 1, 1, '2026-05-18 16:33:32', 0.00, 0.00);
INSERT INTO DetalleConteoFisico (ConteoId, ProductoId, StockSistema, StockFisico, FechaRegistro, ValorFaltante, ValorSobrante) VALUES
(1, 101, 2, 2, '2026-05-18 16:33:32', 0.00, 0.00);

-- Error en tabla Transaccion: Invalid object name 'Transaccion'.
